LOC,Complexity,Code_Churn,Team_Size,Defect_Risk
349,21.7,5.2,7,0
286,17.1,0.7,11,0
364,18.4,4.3,12,0
452,20.7,1.2,14,1
276,15.9,16.5,14,0
276,15.0,29.5,5,1
457,25.6,0.8,6,0
376,20.7,31.0,10,2
253,15.8,7.4,8,0
354,16.1,3.6,14,0
253,16.6,0.8,8,0
253,13.3,6.9,3,0
324,22.4,15.8,12,1
108,3.4,12.3,12,0
127,11.6,0.5,14,0
243,12.8,0.8,7,0
198,8.0,5.2,1,0
331,15.1,3.5,1,0
209,9.5,2.6,7,0
158,9.2,3.3,10,0
446,23.9,16.3,9,1
277,12.2,26.5,7,1
306,15.3,5.2,10,0
157,14.3,23.7,5,1
245,17.5,3.9,8,0
311,16.9,6.5,2,0
184,9.4,2.6,9,0
337,17.2,10.2,6,0
239,13.8,38.6,13,2
270,10.5,9.3,9,0
239,11.2,4.4,2,0
485,19.3,10.4,3,0
298,16.1,1.3,12,0
194,11.7,22.0,8,0
382,17.7,7.0,1,1
177,13.6,6.0,10,0
320,12.4,8.8,7,0
104,1.0,9.8,7,0
167,9.0,0.7,13,0
319,19.1,11.5,1,0
373,23.7,2.8,9,0
317,14.5,12.5,8,0
288,17.7,17.3,4,1
269,13.4,16.3,10,1
152,7.1,8.0,11,0
228,14.1,7.3,5,0
253,14.7,1.5,2,0
405,15.6,14.9,13,1
334,21.1,3.2,9,0
123,10.3,6.9,12,0
332,14.7,3.3,12,0
261,14.3,1.4,6,0
232,13.1,9.9,3,0
361,18.8,0.6,12,0
403,18.5,13.8,7,1
393,17.6,3.8,9,0
216,10.7,0.0,3,0
269,17.0,7.2,2,1
333,18.3,0.5,7,0
397,18.8,3.2,7,0
252,14.9,12.3,4,0
281,5.5,0.6,11,0
189,12.9,18.3,9,1
180,3.8,0.0,14,0
381,18.0,2.8,8,0
435,18.4,13.5,13,0
292,10.8,3.8,13,0
400,23.5,1.1,1,0
336,15.4,4.5,1,0
235,12.8,3.2,5,0
336,16.7,18.5,6,1
453,24.1,3.8,3,1
296,15.1,15.6,13,1
456,19.0,22.2,9,1
38,4.9,5.7,12,0
382,17.6,24.1,10,1
308,10.8,4.7,14,0
270,12.2,33.3,6,1
309,20.0,0.9,4,0
101,7.6,11.6,12,0
278,12.9,6.8,7,0
335,15.7,4.9,8,0
447,21.4,10.0,9,0
248,18.6,12.2,13,1
219,12.1,0.0,11,0
249,13.8,1.8,6,0
391,22.7,12.5,6,1
332,17.4,11.0,8,0
247,11.6,33.8,12,1
351,17.0,14.3,5,0
309,15.3,30.1,14,1
396,19.7,12.1,3,1
229,13.7,3.5,12,0
267,13.5,1.1,3,0
260,15.2,15.2,13,1
153,7.4,10.3,6,0
329,16.7,0.5,2,0
326,10.3,4.5,6,0
300,17.8,31.4,13,1
276,14.9,6.9,6,0
158,10.9,5.7,8,0
257,4.2,6.1,7,0
265,19.6,2.3,8,0
219,10.6,4.6,14,0
283,17.5,4.6,9,0
340,13.9,0.5,6,0
488,26.3,14.6,14,1
317,12.7,5.4,3,0
325,14.4,17.3,10,0
292,20.4,19.0,3,1
108,4.8,2.4,11,0
297,15.5,10.7,12,1
306,17.9,6.4,1,0
546,28.8,21.2,11,1
280,14.5,2.4,13,0
330,17.6,11.3,5,0
296,22.0,9.4,14,1
183,9.0,3.5,4,0
414,21.3,1.5,9,1
375,21.9,10.5,9,1
379,22.3,13.4,14,1
209,14.0,3.8,5,0
440,23.9,10.4,10,1
159,4.6,5.0,4,0
358,22.8,12.5,7,1
519,22.5,2.2,6,0
200,11.0,22.1,4,1
243,9.9,3.4,13,0
309,15.3,4.6,13,0
249,13.5,0.6,10,0
144,8.2,1.2,2,0
306,16.6,7.3,1,0
193,14.5,3.1,4,0
347,18.7,18.0,4,0
208,9.7,0.1,13,0
454,25.6,4.8,1,1
221,14.7,4.1,6,0
267,9.7,0.2,4,0
381,20.9,1.3,1,0
176,10.9,5.3,1,0
322,15.2,6.8,13,0
430,25.7,5.2,1,0
139,6.5,7.6,8,0
318,16.3,9.0,10,0
325,15.8,0.1,8,0
378,19.0,6.2,2,0
176,5.5,33.1,11,1
167,4.1,7.3,13,0
352,22.4,11.3,7,1
329,13.9,3.7,14,0
325,13.3,14.9,8,1
334,10.3,14.8,8,0
231,9.7,7.4,11,0
323,12.2,37.3,10,1
329,21.4,1.3,11,0
228,14.5,0.2,13,0
486,22.3,14.7,7,1
347,24.1,16.5,5,1
180,12.0,1.3,1,0
365,17.3,3.1,12,0
202,2.6,0.2,9,0
378,25.8,3.5,13,1
415,16.6,14.8,7,0
217,6.0,7.3,2,0
396,22.9,4.3,6,0
341,24.4,4.6,2,1
382,23.3,0.0,1,0
489,26.2,3.6,14,1
275,15.6,10.4,7,0
224,13.8,36.6,13,2
211,12.8,18.8,2,1
218,11.8,0.2,13,0
292,14.9,22.9,14,1
334,16.5,15.3,14,1
327,14.1,15.2,2,0
382,18.3,6.1,13,0
301,10.0,5.1,11,0
445,22.0,3.6,5,0
273,10.7,0.7,14,0
572,25.3,2.6,5,0
362,18.7,2.8,7,0
214,14.9,6.6,1,0
192,12.4,13.8,8,0
348,12.7,6.4,3,0
277,10.9,0.6,4,0
371,21.4,31.7,9,1
347,14.4,28.6,4,1
292,14.0,15.4,10,0
215,12.4,47.5,12,2
148,4.5,7.9,5,0
255,13.1,32.9,7,1
385,15.3,0.8,4,0
321,14.3,4.6,14,0
175,9.7,2.6,1,0
317,11.1,2.2,9,0
338,18.2,1.5,4,0
211,10.5,9.7,9,0
315,17.4,15.2,6,0
305,16.0,8.6,1,0
185,13.4,1.6,12,0
335,17.2,16.7,3,1
356,16.5,10.1,11,1
408,20.8,4.9,2,0
405,21.9,11.2,9,0
162,8.3,3.0,12,0
206,10.4,4.2,1,0
351,15.5,24.9,13,1
351,15.6,3.4,14,0
351,13.4,6.3,9,0
685,39.5,22.1,9,2
357,14.1,12.3,8,0
413,18.6,0.6,8,0
395,17.6,1.6,11,0
365,20.9,0.1,14,0
268,12.5,10.0,12,0
375,22.5,5.9,1,0
222,9.1,1.4,11,0
276,14.7,31.7,8,1
251,10.1,7.5,10,0
308,21.8,2.8,14,0
531,23.0,6.9,3,0
113,6.6,11.4,11,0
368,20.3,0.8,7,0
138,8.2,3.2,11,0
252,12.1,16.4,1,1
408,20.1,6.2,1,0
306,15.5,7.9,10,0
192,9.2,5.7,13,0
228,14.3,0.4,5,0
367,25.0,1.8,5,0
226,9.7,5.9,8,0
321,12.0,2.3,7,0
304,15.0,0.5,8,0
234,19.5,18.6,6,1
514,23.3,39.7,6,2
363,23.1,15.8,2,1
97,9.9,19.2,6,0
318,14.3,2.8,5,0
233,13.4,32.3,13,1
385,24.1,2.2,3,0
220,9.9,30.2,6,1
288,13.8,52.6,8,2
350,15.8,12.4,9,0
386,16.3,39.7,1,1
179,7.1,8.4,3,0
266,9.7,3.0,3,0
252,12.7,5.7,11,0
234,9.4,9.0,8,0
476,24.5,0.8,1,1
340,12.4,9.7,5,0
173,9.7,39.7,3,1
391,22.1,2.1,2,0
512,19.6,15.7,8,1
403,21.3,23.8,3,1
148,11.1,28.8,7,1
251,8.9,32.2,12,1
426,26.4,7.4,11,1
229,12.7,37.9,1,1
344,15.1,14.2,6,0
377,18.7,1.8,3,0
207,12.0,6.5,8,0
294,14.9,12.7,6,1
10,2.1,2.8,12,0
197,7.1,10.2,2,0
274,14.2,11.0,6,0
175,4.5,1.8,7,0
463,22.8,8.3,5,0
156,5.1,14.8,3,0
255,10.6,6.9,4,0
313,19.4,0.1,4,0
444,25.5,0.1,6,0
156,9.6,4.4,10,0
416,17.5,26.1,1,1
301,14.1,2.6,11,0
201,13.7,10.1,4,0
346,17.7,2.5,10,0
319,23.0,3.9,13,0
239,13.2,18.8,4,0
306,15.9,13.1,10,0
261,12.1,1.0,1,0
311,16.0,5.6,9,0
366,17.9,0.3,4,0
458,25.1,6.6,7,1
176,11.7,10.9,12,0
513,23.3,1.3,14,0
104,1.2,3.4,3,0
284,8.7,5.1,10,0
358,19.5,25.2,12,1
328,13.1,50.0,3,2
237,5.4,0.5,14,0
279,15.1,14.3,8,0
250,20.0,4.6,8,1
241,12.0,5.0,11,0
384,21.8,14.0,12,1
335,17.0,25.1,1,1
230,11.2,30.1,10,1
389,22.3,8.6,2,0
330,15.7,4.4,8,0
381,19.9,15.5,1,1
362,19.1,2.9,12,0
217,8.9,8.3,8,0
243,15.2,4.4,8,0
374,18.2,10.7,2,1
361,15.8,2.7,4,0
297,16.5,2.1,6,0
311,12.9,25.0,12,1
427,21.5,1.1,11,0
240,12.0,7.1,9,0
354,21.0,2.5,8,0
279,15.4,0.4,12,0
278,13.8,0.4,8,0
409,22.9,1.9,7,0
382,23.3,20.2,14,1
381,20.7,3.3,13,0
430,21.6,30.0,9,1
302,11.2,8.7,2,0
368,15.2,5.7,3,0
268,12.5,8.7,10,0
332,14.8,7.3,8,1
286,13.8,14.2,14,1
309,15.7,3.3,6,0
359,19.6,4.4,10,0
218,10.7,22.5,9,1
509,26.9,29.3,10,1
199,10.2,22.3,4,0
178,3.0,5.4,8,0
415,18.0,15.2,10,1
379,18.5,6.5,3,0
362,14.5,6.9,3,0
362,19.9,2.3,8,0
298,19.5,8.9,5,1
210,14.2,2.1,3,0
307,14.7,4.0,10,0
232,16.1,19.3,11,1
397,20.3,2.3,1,0
285,13.3,0.7,3,0
217,9.0,0.7,12,0
267,12.5,28.3,9,1
341,15.9,7.1,5,0
243,12.7,5.3,12,0
217,11.4,16.7,10,1
324,16.2,18.1,2,1
324,17.5,4.0,7,0
249,16.0,11.8,2,0
252,15.5,14.7,4,0
323,11.7,10.6,12,0
155,1.0,1.6,7,0
159,10.8,20.9,4,0
228,7.3,7.7,7,0
278,13.3,3.3,7,0
331,13.0,5.5,1,0
447,17.0,0.4,6,0
385,20.9,1.4,9,0
284,16.5,14.5,2,1
298,13.2,0.0,14,0
199,2.2,5.4,3,0
298,13.3,7.4,10,0
271,14.7,0.6,5,0
332,12.2,36.1,9,1
217,11.4,2.6,4,0
351,17.6,3.6,1,0
453,24.4,3.6,4,0
289,14.8,2.6,6,0
340,14.1,0.0,5,0
369,22.0,13.1,14,1
259,12.5,34.1,13,1
322,16.0,2.5,1,0
301,12.3,10.9,4,0
309,14.2,13.5,6,0
222,8.5,18.9,13,0
302,14.6,5.5,10,0
349,22.6,3.6,10,1
445,18.1,3.9,14,0
395,15.0,12.5,4,0
515,30.2,17.0,14,1
223,10.5,2.0,9,0
387,17.4,4.6,5,0
318,19.0,23.2,8,1
518,24.1,16.4,9,1
219,16.4,41.9,10,2
216,12.8,14.0,5,0
240,10.5,5.0,6,0
87,10.9,8.9,1,0
247,10.6,10.8,11,0
224,13.4,0.8,12,0
315,16.6,7.9,7,0
334,20.6,12.4,4,1
487,29.1,1.8,11,1
395,19.8,15.2,2,1
242,9.9,8.8,5,0
210,11.9,30.4,12,1
349,15.4,0.4,3,0
167,14.4,3.1,6,0
483,24.6,9.2,8,1
417,19.8,3.5,7,0
253,13.2,12.5,3,0
128,2.4,14.2,8,0
435,18.9,1.1,2,0
288,18.0,7.2,10,0
423,19.2,7.1,9,0
140,3.9,4.6,4,0
240,13.6,27.0,1,1
300,18.6,17.6,8,1
304,17.4,11.9,7,0
254,15.7,12.5,11,1
362,15.8,6.2,13,0
193,5.4,25.4,5,0
285,18.8,11.9,10,1
312,14.6,13.1,13,1
351,16.8,19.8,5,1
371,22.5,3.2,7,0
187,11.0,16.5,5,0
146,8.7,2.2,8,0
427,27.9,4.2,11,1
333,14.7,4.1,13,0
225,14.0,38.4,6,1
455,22.9,19.4,13,1
311,16.4,12.1,5,0
417,25.5,13.0,9,1
306,16.9,8.3,11,0
506,26.9,29.4,2,2
475,27.0,6.9,1,1
275,12.7,4.8,8,0
397,17.3,1.8,12,0
364,15.1,15.4,3,1
436,15.9,13.3,14,1
203,16.3,4.9,11,0
368,15.1,0.3,12,0
405,19.6,18.3,12,1
124,5.4,0.1,12,0
181,10.0,12.2,7,0
96,7.3,35.2,10,1
273,16.2,5.8,13,0
371,16.8,2.7,11,0
450,22.0,12.2,8,1
307,16.2,17.0,13,1
462,22.4,7.9,13,1
161,12.9,34.1,6,1
129,8.0,0.5,12,0
294,16.9,7.0,10,1
338,18.9,12.7,14,0
296,18.4,19.9,9,1
93,5.2,2.0,7,0
291,10.7,16.1,10,0
169,9.7,8.0,5,0
366,16.4,5.1,8,0
336,15.2,1.4,2,0
206,12.1,20.0,7,0
248,16.1,1.7,4,0
194,9.8,3.7,9,0
293,15.6,3.4,12,0
395,24.9,20.5,1,1
201,10.8,11.2,7,0
350,25.3,15.9,6,1
246,14.0,2.9,8,1
220,5.8,9.8,5,0
289,16.7,8.5,1,0
196,11.0,17.9,1,0
244,16.1,23.7,9,1
180,11.0,0.1,10,0
496,24.4,11.2,6,0
303,11.5,0.5,10,0
230,10.9,8.0,5,0
321,13.5,3.4,1,0
288,12.7,3.7,6,0
277,15.7,4.4,6,0
361,23.1,9.7,3,0
375,20.0,4.1,13,0
246,8.8,13.2,8,0
242,13.5,5.2,14,0
272,17.2,0.7,1,0
69,1.7,15.3,1,0
148,7.0,3.4,6,0
436,21.9,5.7,10,0
464,20.9,11.6,13,1
275,15.7,4.0,1,0
357,17.5,0.6,6,0
331,17.8,4.7,1,0
607,27.7,28.9,14,2
411,19.3,10.3,13,1
287,16.5,11.1,6,0
204,9.1,10.0,3,0
139,12.1,2.2,14,0
320,14.8,5.4,14,0
224,11.9,13.9,8,0
157,10.7,1.1,13,0
235,7.5,3.3,6,0
191,4.3,3.2,13,0
468,18.9,5.7,11,0
388,23.2,39.3,13,2
299,13.3,0.7,1,0
447,30.1,7.3,5,1
307,13.7,2.0,8,0
213,11.2,35.3,3,1
452,27.2,1.2,12,1
353,23.7,5.2,6,1
196,16.0,13.4,5,0
280,17.7,12.2,6,0
212,13.7,5.5,10,0
161,9.9,4.3,1,0
392,22.0,5.1,7,0
490,22.9,3.1,9,1
160,5.6,2.3,2,0
356,17.8,6.6,10,0
234,11.2,3.1,5,0
251,11.2,3.4,10,0
240,14.1,10.7,4,0
213,13.5,34.6,6,1
304,15.5,9.3,6,0
216,15.3,0.8,11,0
327,12.9,0.8,2,0
294,14.2,30.2,2,1
276,11.7,3.5,4,0
209,4.9,1.0,1,0
242,11.9,9.1,9,0
375,18.4,9.8,14,0
350,22.0,10.5,14,0
202,12.0,3.1,13,0
309,12.4,0.2,7,0
375,24.3,33.5,12,2
133,10.3,2.9,7,0
354,19.5,11.3,3,0
233,11.0,12.3,11,0
357,15.0,9.4,12,0
223,10.1,3.8,3,0
119,9.2,3.2,1,0
137,12.5,9.1,3,0
304,19.9,20.1,3,1
325,14.8,29.3,4,1
209,7.1,1.1,4,0
363,18.6,1.7,3,0
133,1.4,29.0,10,0
293,15.6,13.3,12,0
178,8.5,21.5,8,0
234,10.3,2.3,8,0
304,10.5,8.9,13,0
213,12.2,12.1,13,0
261,11.5,11.4,1,0
400,16.5,5.2,7,0
242,3.5,0.2,11,0
383,19.1,8.7,2,0
187,14.7,2.9,1,0
352,22.6,6.0,3,0
444,20.8,31.6,4,1
52,1.0,5.1,13,0
220,12.4,18.3,6,0
357,14.9,2.1,10,0
279,14.9,11.2,14,0
337,19.2,37.7,5,1
239,15.7,1.1,14,0
308,15.1,0.1,4,0
284,13.6,5.7,8,0
416,18.2,1.0,11,0
325,13.8,13.8,12,0
333,16.0,24.6,14,1
258,14.0,5.7,4,0
251,15.3,3.0,13,0
256,10.4,5.7,10,0
339,21.5,12.9,12,1
257,12.1,0.1,13,0
328,16.4,8.9,2,0
507,23.1,9.5,3,1
387,12.1,10.2,6,0
267,16.0,2.8,8,0
420,23.2,12.5,8,1
259,12.1,1.0,11,0
96,5.0,2.2,9,0
199,11.5,21.0,7,1
112,1.0,13.4,13,0
264,11.7,0.1,2,0
301,17.5,2.9,8,0
467,19.6,2.4,7,0
332,17.5,3.2,8,0
278,9.8,2.8,12,0
382,20.5,0.6,3,0
78,3.8,6.1,7,0
323,11.3,13.2,10,0
377,22.3,9.3,13,1
152,5.4,11.2,9,0
414,18.3,0.8,3,0
333,17.3,30.3,14,1
258,16.4,18.2,10,0
363,15.1,16.4,6,1
527,26.5,17.3,2,1
318,17.2,27.0,2,1
324,18.3,7.9,5,0
254,13.2,2.2,5,0
215,9.6,9.6,13,0
383,16.7,13.6,7,0
214,11.0,13.4,12,0
307,12.1,7.4,2,0
252,3.8,0.7,11,0
347,18.7,4.6,14,0
333,19.4,25.4,13,1
403,13.1,8.8,7,0
248,9.4,7.7,5,0
273,15.5,3.1,14,0
202,16.3,4.6,6,0
255,12.8,22.6,8,1
337,14.7,11.0,10,0
375,18.2,15.5,13,1
207,14.5,6.1,14,0
386,17.4,9.9,12,0
435,19.4,2.9,4,0
341,15.6,12.2,13,0
487,21.5,5.6,7,1
222,11.5,5.8,6,0
175,13.7,10.5,10,0
122,7.1,27.5,2,0
449,21.7,0.7,8,0
365,17.4,17.4,10,0
294,10.0,3.5,9,0
327,19.0,5.9,5,0
187,9.1,0.2,10,0
544,26.7,3.6,4,1
312,25.2,7.0,6,1
310,16.4,0.6,8,0
372,16.4,6.8,11,0
348,16.1,26.2,3,1
322,19.6,1.1,10,0
220,11.4,14.5,11,0
347,13.0,5.3,11,0
488,27.2,10.6,1,1
434,19.7,3.0,4,0
459,28.6,1.7,4,0
248,15.7,1.7,1,0
201,8.7,0.7,9,0
287,18.2,2.1,3,0
305,15.5,10.9,5,0
409,23.0,21.3,6,1
130,8.0,16.8,8,0
452,20.1,11.6,6,0
284,12.3,1.2,3,0
257,16.0,3.4,6,0
198,8.9,3.7,1,0
134,5.5,2.9,4,0
382,16.3,7.2,6,0
307,16.6,7.7,7,0
171,14.7,4.4,11,0
170,5.3,4.4,13,0
266,13.4,17.6,11,1
466,27.6,15.6,10,1
274,13.5,3.7,3,0
149,8.8,24.5,9,0
275,10.6,30.5,12,1
272,14.9,4.0,12,0
30,1.0,4.4,7,0
294,17.7,7.0,14,0
276,17.4,28.3,1,1
369,26.2,20.9,2,1
484,26.0,1.1,1,1
412,21.6,5.0,11,0
273,14.2,8.1,9,0
189,8.4,7.0,9,0
557,28.9,2.2,7,1
305,14.4,19.6,10,1
301,15.6,11.3,3,0
297,18.8,18.2,13,1
319,13.0,19.6,5,1
285,17.7,13.8,4,1
242,16.1,5.8,7,0
245,11.9,9.4,14,0
296,8.5,1.7,9,0
245,10.5,11.2,12,0
228,15.3,2.0,2,0
310,15.5,11.8,13,0
274,10.7,2.6,8,0
450,21.0,1.3,9,0
34,4.3,1.8,10,0
409,22.1,0.0,14,1
424,20.5,12.7,10,1
92,3.5,13.2,9,0
265,12.1,7.2,14,0
262,10.4,1.8,10,0
159,12.8,0.9,14,0
222,10.1,0.2,7,0
188,13.1,1.8,9,0
475,28.3,22.2,9,1
393,22.7,2.8,14,0
427,20.1,4.4,3,0
372,19.8,1.1,4,0
187,9.3,2.5,2,0
247,9.7,7.3,10,0
348,18.4,9.4,3,1
177,5.4,2.8,11,0
371,22.1,0.6,11,0
275,12.4,5.0,5,0
262,13.7,2.7,5,0
371,19.4,2.5,6,0
344,16.4,32.2,13,1
263,15.0,9.6,7,1
415,19.4,8.1,7,0
191,12.2,5.4,1,0
361,14.0,5.6,14,0
359,18.3,7.8,2,0
269,19.3,11.9,12,1
332,13.6,12.1,9,0
174,6.7,1.9,10,0
392,21.2,6.9,2,0
281,14.6,5.3,6,0
247,13.4,20.4,11,1
404,21.7,10.0,11,1
229,13.4,7.6,1,0
159,11.3,1.2,3,0
144,8.4,9.3,2,0
360,17.3,1.2,3,0
171,10.6,4.1,5,0
475,29.5,1.5,11,1
91,4.2,11.8,10,0
469,20.6,2.3,6,0
321,19.4,5.0,9,0
290,14.2,22.6,12,1
245,5.8,2.3,11,0
339,19.5,7.1,10,0
296,13.2,5.4,12,0
410,20.2,0.2,12,0
311,16.6,15.7,13,1
315,16.3,0.7,4,0
263,15.3,6.4,7,0
294,13.4,8.2,6,0
330,18.1,9.9,2,1
128,5.7,11.7,10,0
165,10.5,2.9,11,0
374,20.6,0.1,11,0
317,13.0,12.9,11,0
281,17.3,7.7,8,0
301,13.5,18.1,7,1
334,19.2,17.2,7,1
246,13.4,18.5,14,0
222,16.6,6.6,8,0
319,15.3,4.1,12,0
202,9.1,15.7,12,0
340,17.0,6.0,13,0
129,5.6,2.0,14,0
402,22.5,19.3,11,1
347,12.5,21.4,1,0
325,13.1,6.3,13,0
398,16.7,0.8,1,0
466,26.2,4.9,8,0
401,25.2,16.3,4,1
115,5.5,23.2,5,0
172,8.1,2.3,8,0
237,12.1,0.7,5,0
302,18.6,21.0,10,1
351,14.8,4.9,4,0
227,12.1,7.8,12,0
318,18.9,34.4,6,1
224,12.7,0.7,13,0
238,12.5,10.5,12,0
159,11.0,0.8,5,0
207,2.3,4.7,14,0
164,10.3,16.3,7,0
202,8.2,5.7,14,0
405,14.8,58.7,10,2
205,11.8,8.2,7,0
563,32.3,3.9,13,1
349,17.1,2.5,4,0
318,18.8,4.3,12,0
214,15.5,4.7,13,1
370,22.4,0.7,5,0
242,17.0,4.6,13,0
312,17.8,6.2,3,0
556,28.0,12.8,4,1
290,9.7,10.7,14,0
414,20.0,12.3,4,0
229,9.0,0.1,3,0
296,21.3,2.5,13,1
477,23.3,10.8,10,1
237,12.2,6.6,5,0
481,25.7,0.1,5,0
370,18.7,16.3,11,0
243,17.3,14.8,7,0
363,16.3,8.0,4,0
397,20.4,0.7,13,0
362,15.9,14.5,4,1
142,3.2,8.8,9,0
227,9.5,15.2,6,0
275,13.7,13.9,4,0
292,13.3,16.2,2,0
362,16.0,7.3,6,0
317,11.7,1.5,2,0
166,8.1,11.1,5,0
338,12.4,9.7,6,0
361,20.3,13.6,4,1
355,18.0,1.9,14,0
408,16.0,2.2,13,1
383,18.2,22.1,3,1
345,15.0,13.9,7,0
292,15.6,23.9,2,1
133,10.7,14.2,13,0
342,11.5,9.1,11,0
320,16.4,10.6,14,0
327,15.9,22.0,6,1
172,10.6,8.6,13,0
191,10.2,10.0,4,0
405,18.0,1.7,6,0
296,13.8,6.4,4,0
368,16.0,12.6,4,0
302,18.4,3.2,4,0
302,15.2,2.3,9,0
393,25.4,3.8,7,0
248,12.2,2.8,3,0
309,13.4,2.4,3,0
253,8.1,5.5,6,0
256,7.4,23.8,6,0
269,8.7,7.1,4,0
322,16.9,2.1,9,0
252,14.1,0.8,4,0
425,16.5,11.9,9,1
210,13.2,4.8,4,0
281,12.6,17.3,2,0
256,13.2,10.8,2,0
444,27.1,15.9,5,1
319,18.7,3.2,4,0
403,19.4,11.8,7,0
151,4.9,3.1,14,0
326,9.9,28.0,11,1
388,17.3,10.1,5,0
308,14.8,3.9,6,0
406,17.4,3.1,10,0
248,12.0,2.1,4,0
440,22.3,11.9,13,0
529,25.8,2.5,12,1
263,11.2,9.0,2,0
255,13.3,3.1,13,0
445,23.6,10.8,10,1
457,19.6,16.9,9,1
247,16.6,15.1,10,0
257,12.6,14.3,7,0
271,13.6,2.1,4,0
165,10.4,0.9,3,0
208,11.1,12.0,10,0
199,12.8,4.6,14,0
223,12.0,5.7,3,0
296,13.0,0.3,9,0
323,17.3,3.0,5,0
455,19.3,0.3,13,0
200,10.3,21.1,3,0
398,19.8,2.8,5,0
278,13.3,8.1,2,0
295,14.4,0.4,11,0
367,12.7,11.0,4,0
187,7.7,3.9,10,0
338,17.2,22.8,2,1
316,16.3,21.9,2,1
349,14.4,3.9,12,0
328,20.2,23.1,8,1
545,24.7,55.6,1,2
236,14.7,17.5,14,1
246,13.6,18.6,7,0
237,9.9,2.9,5,0
244,17.5,8.6,11,0
236,8.2,0.7,8,0
418,23.7,1.0,1,0
442,25.1,68.1,11,2
242,10.1,4.0,7,0
216,15.0,13.8,5,0
347,16.6,16.4,4,0
244,13.1,19.5,7,0
363,18.9,60.4,10,2
320,15.6,2.8,2,0
148,9.9,0.4,12,0
454,25.1,5.3,1,1
479,18.7,1.4,1,0
238,15.8,0.2,11,0
261,8.1,4.5,12,0
328,19.5,15.3,1,0
333,20.1,8.4,12,1
365,15.0,3.8,5,0
501,23.8,10.6,10,1
282,10.8,2.6,7,0
220,10.4,0.1,2,0
162,7.2,14.5,10,0
226,13.7,9.8,8,0
296,18.8,14.4,4,1
479,28.2,0.4,12,1
248,10.7,18.1,3,0
322,15.5,9.7,10,0
298,9.9,8.3,11,0
418,18.5,9.8,8,1
552,30.5,20.0,2,1
246,17.2,8.8,11,0
251,8.8,8.7,11,0
404,18.4,46.8,13,1
368,18.3,14.1,3,1
484,25.1,5.8,12,1
358,15.5,12.3,3,0
264,14.5,4.9,10,0
359,16.5,2.6,11,0
410,20.5,9.1,1,1
382,20.7,26.3,6,1
350,17.6,26.5,2,1
406,19.0,4.2,1,0
416,20.5,7.5,2,0
438,21.6,2.4,12,0
364,17.1,54.3,6,2
283,13.4,39.7,14,1
314,20.5,10.5,4,1
420,22.7,16.3,6,1
218,10.0,12.6,12,0
336,18.9,9.0,9,0
260,12.0,0.5,13,0
302,18.7,6.1,10,0
427,22.5,11.2,12,1
319,15.6,11.3,10,0
304,16.6,4.7,8,0
164,3.5,28.4,1,1
374,15.4,1.8,13,0
364,14.6,6.9,8,0
516,26.2,11.7,9,1
269,18.7,11.9,6,0
321,22.8,10.5,10,0
324,18.2,3.2,5,0
457,24.4,1.7,6,0
290,9.1,10.1,13,0
327,14.8,9.1,6,0
360,15.7,2.0,9,0
318,14.1,12.2,4,0
255,12.3,6.1,2,0
319,14.6,11.0,11,0
407,14.4,18.2,11,0
197,12.1,1.9,9,0
313,12.4,0.2,2,0
229,12.2,15.1,10,0
419,27.2,9.4,9,1
147,4.6,12.0,2,0
244,4.6,18.2,12,0
337,16.0,16.2,8,1
456,26.1,32.4,9,2
293,20.5,7.7,12,1
244,8.5,6.7,10,0
488,25.9,5.1,9,0
155,6.4,1.7,10,0
80,3.7,8.5,9,0
344,25.1,3.2,2,1
249,8.0,25.4,4,0
197,10.7,8.8,7,0
370,19.9,9.0,12,1
324,19.5,4.4,2,0
243,12.5,0.5,1,0
171,9.5,0.3,3,0
387,18.2,5.5,12,0
365,19.1,0.9,4,0
290,13.5,9.3,8,0
484,26.1,21.3,6,1
192,8.5,21.4,11,0
147,8.5,10.8,2,0
230,11.5,2.4,9,0
295,18.2,19.9,14,1
324,16.1,21.7,2,1
275,8.5,2.2,13,0
335,20.5,13.4,12,0
174,6.0,3.4,5,0
444,20.3,16.2,12,1
291,12.8,58.9,4,2
411,24.7,0.3,13,0
334,10.3,22.8,7,1
345,26.7,9.7,8,0
356,21.0,36.3,5,1
344,17.9,6.3,10,0
364,18.0,18.8,14,1
432,22.5,0.6,14,1
319,17.5,4.1,5,0
370,20.5,0.7,2,0
291,16.2,37.0,8,2
444,22.5,17.0,14,1
232,11.0,19.1,2,0
480,23.6,27.8,10,1
295,14.2,0.9,12,0
156,11.2,4.9,6,0
312,17.4,0.7,8,0
231,2.8,2.4,6,0
384,21.2,2.6,4,0
234,12.3,6.3,13,0
255,12.7,3.1,4,0
111,4.4,1.1,6,0
254,16.1,1.8,14,0
57,5.7,1.6,13,0
141,4.8,36.1,4,0
376,20.0,14.2,8,1
378,16.0,34.3,9,1
342,13.0,5.8,1,0
203,8.3,3.3,13,0
295,17.3,16.0,4,0
299,17.8,3.9,4,0
184,10.7,3.6,2,0
450,24.7,2.6,6,0
387,20.9,1.4,3,0
277,12.0,3.0,7,0
302,16.4,4.4,13,0
320,18.4,11.2,11,1
95,7.1,0.6,11,0
275,17.3,2.4,5,0
231,13.7,16.6,4,1
199,11.0,1.6,5,0
271,16.8,4.2,8,0
479,23.9,20.0,3,1
364,15.6,1.7,14,0
242,11.7,0.9,7,0
357,15.6,6.6,14,0
